{
  "image_size": [2448, 2048],
  "files": {
    "GT_Camera_usb.npy": {
      "camera_matrix": [
        [22993.816783091093, 0.0, 1223.536236712084],
        [0.0, 25373.85255549174, 1017.4330994324599],
        [0.0, 0.0, 1.0]
      ],
      "distortion_coeffs": [-2.905593208328828, 142.72634782419706, 0.0, 0.0, 0.0]
    },
    "RGB_Camera_249.npy": {
      "camera_matrix": [
        [26879.159833238118, 0.0, 1223.8539671288006],
        [0.0, 29553.053690109922, 1015.8672444590655],
        [0.0, 0.0, 1.0]
      ],
      "distortion_coeffs": [-2.722021279093856, 272.8981467372223, 0.0, 0.0, 0.0]
    },
    "RGB_Long_Camera_247.npy": {
      "camera_matrix": [
        [23281.22194591978, 0.0, 1243.7159929900138],
        [0.0, 85875.99367966173, 2330.5631399104195],
        [0.0, 0.0, 1.0]
      ],
      "distortion_coeffs": [-7.510131205346486, 2048.007346614233, 0.0, 0.0, 0.0]
    },
    "Nir_Camera_usb.npy": {
      "camera_matrix": [
        [24470.15042116327, 0.0, 1225.279932485571],
        [0.0, 26537.45792996374, 1017.6197326367246],
        [0.0, 0.0, 1.0]
      ],
      "distortion_coeffs": [-2.923261656137308, -10.847805336276286, 0.0, 0.0, 0.0]
    },
    "NIR_Long_Camera_248.npy": {
      "camera_matrix": [
        [19619.549835359503, 0.0, 1225.6730695511483],
        [0.0, 21531.602014663127, 1017.4871805390611],
        [0.0, 0.0, 1.0]
      ],
      "distortion_coeffs": [-0.18999277303455497, -37.96256161951002, 0.0, 0.0, 0.0]
    }
  }
}
