{
    "reference": "GT",
    "homographies": {
        "GT": [
            [
                1.0,
                0.0,
                0.0
            ],
            [
                0.0,
                1.0,
                0.0
            ],
            [
                0.0,
                0.0,
                1.0
            ]
        ],
        "DAHUA": [
            [
                1.160166,
                -0.065399,
                -1045.225667
            ],
            [
                0.053515,
                1.251916,
                -590.888441
            ],
            [
                -1e-06,
                1.1e-05,
                1.0
            ]
        ],
        "NIR": [
            [
                0.946881,
                0.015909,
                287.359714
            ],
            [
                -0.003883,
                0.948496,
                105.882124
            ],
            [
                -1e-06,
                2e-06,
                1.0
            ]
        ],
        "NIR_LONG": [
            [
                1.083486,
                0.0505,
                360.101382
            ],
            [
                -0.032242,
                1.084243,
                59.266474
            ],
            [
                -1e-06,
                1e-06,
                1.0
            ]
        ],
        "RGB": [
            [
                0.842042,
                0.025603,
                177.565143
            ],
            [
                -0.014955,
                0.843552,
                261.520396
            ],
            [
                1e-06,
                3e-06,
                1.0
            ]
        ],
        "RGB_LONG": [
            [
                1.107718,
                0.015583,
                -156.250729
            ],
            [
                0.005541,
                1.101317,
                -76.370877
            ],
            [
                6e-06,
                -0.0,
                1.0
            ]
        ]
    }
}
